,year,name,id,age,ioc,height,hand,high_rank,high_pts,tourney_plyd,tourney_win_pct,avg_tourney_level,matches_plyd,match_wins,match_win_pct,finals,titles,final_win_pct,slam_finals,slams,atp_finals_finals,atp_finals,masters_finals,masters,500_finals,500_titles,250_finals,250_titles,olympic_g,aces_per_game,df_per_game,sv_game_win_pct,return_game_win_pct,1st_pct,1st_win_pct,2nd_win_pct,1st_return_win_pct,2nd_return_win_pct,bp_per_game,bp_faced_per_game,bp_conversion_rate,bp_saved_rate,tb_win_pct,no1_faced,no1_win_pct,top_5_faced,top_5_win_pct,top_10_faced,top_10_win_pct,top_20_faced,top_20_win_pct,top_50_faced,top_50_win_pct,top_100_faced,top_100_win_pct,matches_w_stats,matches_w_minutes,avg_opponent_rank,avg_opponent_pts,sets_w_stats,sets_w_mins,minutes_per_match,minutes_per_set,year_end_ranking,year_end_points,year_end_ranking_cat
0,2023,Adrian Mannarino,105173,34.9,FRA,183.0,L,43.0,971.0,14,0.0,750.0,31,17,0.5483870967741935,0,0,,0,0,0,0,0,0,0,0,0,0,0,0.4101876675603217,0.18498659517426275,0.7935656836461126,0.21774193548387097,0.6023102310231023,0.7157534246575342,0.5217842323651453,0.2708187543736879,0.49887640449438203,0.46236559139784944,0.5335120643431636,0.47093023255813954,0.6130653266331658,0.47368421052631576,0,,1,1.0,4,0.75,6,0.5,12,0.5833333333333334,23,0.5652173913043478,30,29,72.16129032258064,1266.967741935484,76,73,121.82758620689656,48.397260273972606,43,972.0,top100
1,2023,Albert Ramos,105077,35.3,ESP,188.0,L,37.0,1075.0,16,0.0,718.75,23,6,0.2608695652173913,0,0,,0,0,0,0,0,0,0,0,0,0,0,0.23717948717948717,0.14102564102564102,0.766025641025641,0.19873817034700317,0.6493815413891532,0.6652014652014652,0.5223880597014925,0.28685897435897434,0.48148148148148145,0.47318611987381703,0.7051282051282052,0.42,0.6681818181818182,0.3333333333333333,0,,1,0.0,1,0.0,1,0.0,5,0.0,17,0.23529411764705882,23,22,82.3913043478261,971.8695652173913,65,60,139.72727272727272,51.233333333333334,72,752.0,top100
2,2023,Alejandro Davidovich Fokina,200221,23.9,ESP,183.0,R,24.0,1605.0,15,0.0,800.0,34,19,0.5588235294117647,0,0,,0,0,0,0,0,0,0,0,0,0,0,0.2301980198019802,0.15594059405940594,0.7896039603960396,0.24938271604938272,0.6610969851071559,0.6659340659340659,0.5348338692390139,0.3004836759371221,0.5264765784114053,0.5901234567901235,0.594059405940594,0.4225941422594142,0.6458333333333334,0.45,0,,2,0.0,7,0.14285714285714285,12,0.16666666666666666,19,0.3157894736842105,31,0.5161290322580645,34,31,69.05882352941177,1775.235294117647,84,74,112.87096774193549,47.28378378378378,34,1115.0,top100
3,2023,Alejandro Tabilo,126214,25.7,CHI,188.0,L,146.0,394.0,3,0.0,500.0,6,3,0.5,0,0,,0,0,0,0,0,0,0,0,0,0,0,0.6027397260273972,0.2191780821917808,0.7945205479452055,0.1643835616438356,0.630648330058939,0.7009345794392523,0.5531914893617021,0.3142857142857143,0.4482758620689655,0.4931506849315068,0.4794520547945205,0.3333333333333333,0.5714285714285714,0.7142857142857143,0,,0,,0,,1,0.0,2,0.5,4,0.5,6,6,82.16666666666667,940.5,14,14,128.83333333333334,55.214285714285715,144,411.0,>100
4,2023,Aleksandar Kovacevic,206499,24.5,USA,,U,101.0,568.0,5,0.0,900.0,6,1,0.16666666666666666,0,0,,0,0,0,0,0,0,0,0,0,0,0,0.6712328767123288,0.1780821917808219,0.7397260273972603,0.1111111111111111,0.574,0.710801393728223,0.47417840375586856,0.27208480565371024,0.38311688311688313,0.4027777777777778,0.6438356164383562,0.27586206896551724,0.5957446808510638,0.5,0,,1,0.0,1,0.0,1,0.0,2,0.0,5,0.2,6,5,63.833333333333336,1646.3333333333333,15,12,107.4,44.75,120,519.0,>100
5,2023,Aleksandar Vukic,126846,26.8,AUS,188.0,R,146.0,384.0,5,0.0,900.0,6,1,0.16666666666666666,0,0,,0,0,0,0,0,0,0,0,0,0,0,0.6470588235294118,0.2,0.8,0.15476190476190477,0.6390532544378699,0.7469135802469136,0.46994535519125685,0.29069767441860467,0.4523809523809524,0.5,0.43529411764705883,0.30952380952380953,0.5405405405405406,0.0,0,,0,,0,,0,,0,,2,0.0,6,6,120.83333333333333,511.3333333333333,18,18,120.16666666666667,40.05555555555556,91,654.0,top100
6,2023,Alex De Minaur,200282,24.3,AUS,183.0,R,18.0,2165.0,14,0.07142857142857142,839.2857142857143,34,21,0.6176470588235294,2,1,0.5,0,0,0,0,0,0,2,1,0,0,0,0.24681933842239187,0.25699745547073793,0.8091603053435115,0.28607594936708863,0.5650060753341434,0.7254480286738352,0.5381750465549349,0.34076827757125155,0.5126459143968871,0.7037974683544304,0.46055979643765904,0.4064748201438849,0.585635359116022,0.5,0,,5,0.4,7,0.5714285714285714,8,0.5,17,0.5882352941176471,27,0.5555555555555556,34,32,115.85714285714286,1644.4571428571428,86,78,109.3125,44.84615384615385,16,2115.0,top32
7,2023,Alex Molcan,144684,25.4,SVK,178.0,L,50.0,895.0,12,0.0,812.5,24,12,0.5,0,0,,0,0,0,0,0,0,0,0,0,0,0,0.22887323943661972,0.2323943661971831,0.7359154929577465,0.24028268551236748,0.6519634211941904,0.6551155115511551,0.5193199381761978,0.29619312906220985,0.4992679355783309,0.5971731448763251,0.6725352112676056,0.40236686390532544,0.6073298429319371,0.625,0,,0,,3,0.0,4,0.25,9,0.3333333333333333,18,0.4444444444444444,23,21,111.08,1332.24,62,56,118.04761904761905,44.267857142857146,81,721.0,top100
8,2023,Alexander Bublik,122330,26.0,KAZ,196.0,R,36.0,1130.0,17,0.058823529411764705,735.2941176470588,32,13,0.40625,1,1,1.0,0,0,0,0,0,0,1,1,0,0,0,0.9024390243902439,0.5582655826558266,0.8102981029810298,0.15217391304347827,0.587532023911187,0.7725290697674418,0.468944099378882,0.2319364161849711,0.4746376811594203,0.36684782608695654,0.4715447154471545,0.4148148148148148,0.5977011494252874,0.35714285714285715,0,,1,0.0,7,0.2857142857142857,10,0.3,17,0.4117647058823529,23,0.43478260869565216,30,29,66.40625,1587.34375,77,72,99.82758620689656,40.208333333333336,26,1354.0,top32
9,2023,Alexander Shevchenko,207686,22.4,RUS,,R,87.0,703.0,5,0.0,1000.0,10,5,0.5,0,0,,0,0,0,0,0,0,0,0,0,0,0,0.2905982905982906,0.23931623931623933,0.7008547008547008,0.27586206896551724,0.5465116279069767,0.6643026004728132,0.49572649572649574,0.32516703786191536,0.5032894736842105,0.6206896551724138,0.717948717948718,0.4444444444444444,0.5833333333333334,0.6666666666666666,0,,1,0.0,2,0.0,5,0.0,8,0.375,8,0.375,10,8,52.8,1961.1,26,19,96.5,40.63157894736842,97,623.0,top100
10,2023,Alexander Zverev,100644,26.1,GER,198.0,R,12.0,2700.0,14,0.0,821.4285714285714,40,24,0.6,0,0,,0,0,0,0,0,0,0,0,0,0,0,0.6196581196581197,0.29914529914529914,0.811965811965812,0.23678646934460887,0.6838359878007455,0.7373637264618434,0.4587352625937835,0.28735033836543467,0.5368234250221828,0.6448202959830867,0.4935897435897436,0.36721311475409835,0.6190476190476191,0.47058823529411764,0,,4,0.0,7,0.0,8,0.125,15,0.4666666666666667,34,0.5588235294117647,38,32,62.3,1517.625,97,77,117.1875,48.701298701298704,21,1630.0,top32
11,2023,Alexandre Muller,124186,26.2,FRA,183.0,R,100.0,639.0,5,0.0,750.0,12,7,0.5833333333333334,1,0,0.0,0,0,0,0,0,0,0,0,1,0,0,0.26119402985074625,0.11940298507462686,0.7462686567164178,0.22627737226277372,0.65,0.6654740608228981,0.5182724252491694,0.3102189781021898,0.4982698961937716,0.5036496350364964,0.5373134328358209,0.4492753623188406,0.5277777777777778,0.5,0,,0,,1,0.0,2,0.0,5,0.6,8,0.375,12,11,95.5,1158.8333333333333,29,26,105.54545454545455,44.65384615384615,82,711.0,top100
12,2023,Alexei Popyrin,200615,23.8,AUS,196.0,R,75.0,726.0,14,0.0,803.5714285714286,27,13,0.48148148148148145,0,0,,0,0,0,0,0,0,0,0,0,0,0,0.8095238095238095,0.19047619047619047,0.8518518518518519,0.12169312169312169,0.6215423302598492,0.7801753202966959,0.5038759689922481,0.25767263427109977,0.44591346153846156,0.3994708994708995,0.4497354497354497,0.304635761589404,0.6705882352941176,0.6190476190476191,0,,0,,4,0.75,5,0.6,10,0.4,22,0.45454545454545453,27,26,91.81481481481481,1282.037037037037,74,70,133.34615384615384,49.52857142857143,92,645.0,top100
13,2023,Andrea Vavassori,131934,28.0,ITA,193.0,R,128.0,472.0,5,0.0,800.0,9,4,0.4444444444444444,0,0,,0,0,0,0,0,0,0,0,0,0,0,0.3888888888888889,0.30952380952380953,0.7619047619047619,0.171875,0.6181818181818182,0.6930147058823529,0.4791666666666667,0.29906542056074764,0.4375,0.3671875,0.6349206349206349,0.46808510638297873,0.625,0.625,0,,1,0.0,1,0.0,1,0.0,4,0.25,7,0.5714285714285714,9,7,170.66666666666666,1307.888888888889,25,16,107.0,46.8125,128,482.0,>100
14,2023,Andrey Rublev,126094,25.6,RUS,188.0,R,5.0,4380.0,14,0.07142857142857142,821.4285714285714,44,31,0.7045454545454546,4,1,0.25,0,0,0,0,1,1,2,0,1,0,0,0.6473779385171791,0.16817359855334538,0.8372513562386981,0.25225225225225223,0.6090203964378053,0.755188679245283,0.5180014695077149,0.3099955966534566,0.515018315018315,0.6468468468468469,0.42857142857142855,0.38997214484679665,0.620253164556962,0.6875,0,,1,0.0,5,0.6,10,0.5,26,0.6538461538461539,41,0.7317073170731707,44,41,49.54545454545455,1429.4545454545455,116,103,108.21951219512195,43.077669902912625,7,4255.0,top10
15,2023,Andy Murray,104918,35.8,GBR,190.0,R,38.0,1030.0,9,0.0,888.8888888888889,17,8,0.47058823529411764,1,0,0.0,0,0,0,0,0,0,0,0,1,0,0,0.3291139240506329,0.13924050632911392,0.7890295358649789,0.1752136752136752,0.6233595800524935,0.6989473684210527,0.5209059233449478,0.2807357212003872,0.4832089552238806,0.5769230769230769,0.5063291139240507,0.3037037037037037,0.5833333333333334,0.5,0,,0,,1,0.0,5,0.4,7,0.2857142857142857,12,0.4166666666666667,17,17,69.47058823529412,1230.7058823529412,48,48,154.0,54.541666666666664,39,1030.0,top100
16,2023,Arthur Fils,209950,18.9,FRA,185.0,R,63.0,807.0,6,0.16666666666666666,666.6666666666666,15,10,0.6666666666666666,1,1,1.0,0,0,0,0,0,0,0,0,1,1,0,0.5185185185185185,0.25308641975308643,0.7962962962962963,0.2375,0.5855513307984791,0.7191558441558441,0.5160550458715596,0.2978395061728395,0.5131578947368421,0.61875,0.5802469135802469,0.3838383838383838,0.648936170212766,0.6666666666666666,0,,0,,1,0.0,2,0.0,6,0.5,13,0.6153846153846154,15,15,49.470588235294116,1382.7058823529412,34,30,84.53333333333333,42.266666666666666,58,816.0,top100
17,2023,Arthur Rinderknech,126239,27.8,FRA,196.0,R,44.0,952.0,12,0.0,750.0,17,5,0.29411764705882354,0,0,,0,0,0,0,0,0,0,0,0,0,0,0.56,0.245,0.8049999999999999,0.165,0.6109785202863962,0.73046875,0.49897750511247446,0.2510176390773406,0.43628509719222464,0.395,0.535,0.4177215189873418,0.6355140186915887,0.125,0,,2,0.0,3,0.0,3,0.0,7,0.14285714285714285,12,0.16666666666666666,17,14,82.94117647058823,1597.1764705882354,41,31,99.92857142857143,45.12903225806452,85,681.0,top100
18,2023,Aslan Karatsev,106234,29.7,RUS,185.0,R,45.0,898.0,11,0.0,681.8181818181819,22,11,0.5,0,0,,0,0,0,0,0,0,0,0,0,0,0,0.4522058823529412,0.375,0.8198529411764706,0.17164179104477612,0.6140845070422535,0.7504587155963303,0.48905109489051096,0.2588347659980898,0.4688995215311005,0.45149253731343286,0.5588235294117647,0.38016528925619836,0.6776315789473685,0.5,0,,1,1.0,2,0.5,4,0.5,9,0.3333333333333333,19,0.47368421052631576,22,20,60.59090909090909,1294.9545454545455,56,48,109.55,45.645833333333336,47,888.0,top100
19,2023,Ben Shelton,210097,20.6,USA,,L,35.0,1095.0,14,0.0,821.4285714285714,23,9,0.391304347826087,0,0,,0,0,0,0,0,0,0,0,0,0,0,0.7116564417177914,0.31901840490797545,0.8220858895705522,0.15030674846625766,0.6187469645458961,0.7613814756671899,0.5095541401273885,0.2353909465020576,0.431784107946027,0.3343558282208589,0.50920245398773,0.44954128440366975,0.6506024096385542,0.6428571428571429,0,,2,0.0,3,0.0,4,0.0,10,0.2,20,0.35,23,22,58.43478260869565,1286.4782608695652,66,62,121.04545454545455,42.95161290322581,35,1094.0,top100
20,2023,Benjamin Bonzi,126127,26.8,FRA,185.0,R,42.0,956.0,9,0.0,555.5555555555555,22,12,0.5454545454545454,2,0,0.0,0,0,0,0,0,0,0,0,2,0,0,0.5546875,0.1640625,0.8125,0.224,0.6302921884317233,0.7218543046357616,0.5064516129032258,0.2770475227502528,0.49517684887459806,0.56,0.52734375,0.4,0.6444444444444445,0.42857142857142855,0,,1,0.0,1,0.0,5,0.2,11,0.5454545454545454,14,0.5,21,21,83.77272727272727,1300.6818181818182,52,52,110.0,44.42307692307692,93,638.0,top100
21,2023,Bernabe Zapata Miralles,126523,26.3,ESP,185.0,R,37.0,1051.0,15,0.0,766.6666666666666,30,15,0.5,0,0,,0,0,0,0,0,0,0,0,0,0,0,0.15835777126099707,0.16129032258064516,0.6598240469208212,0.3090909090909091,0.6585903083700441,0.6307692307692307,0.45161290322580644,0.3509789702683104,0.5047361299052774,0.6818181818181818,0.7478005865102639,0.4533333333333333,0.5450980392156862,0.25,0,,3,0.0,4,0.0,7,0.14285714285714285,15,0.4,25,0.44,30,29,101.46666666666667,1533.2,75,70,107.51724137931035,44.542857142857144,50,856.0,top100
22,2023,Borna Coric,106432,26.5,CRO,188.0,R,14.0,2430.0,13,0.0,846.1538461538462,29,16,0.5517241379310345,0,0,,0,0,0,0,0,0,0,0,0,0,0,0.3567073170731707,0.16463414634146342,0.7896341463414634,0.1696969696969697,0.5963124696749151,0.7396257119609438,0.4951923076923077,0.2863468634686347,0.458994708994709,0.47878787878787876,0.5335365853658537,0.35443037974683544,0.6057142857142858,0.6875,0,,3,0.0,4,0.0,5,0.2,11,0.45454545454545453,24,0.5,27,24,63.06896551724138,1446.5172413793102,67,55,114.91666666666667,50.14545454545455,14,2305.0,top32
23,2023,Borna Gojo,127339,24.9,CRO,196.0,R,110.0,551.0,4,0.0,625.0,7,4,0.5714285714285714,0,0,,0,0,0,0,0,0,0,0,0,0,0,0.9473684210526315,0.15789473684210525,0.868421052631579,0.11392405063291139,0.6314655172413793,0.825938566552901,0.49707602339181284,0.2329192546583851,0.4782608695652174,0.3670886075949367,0.25,0.3103448275862069,0.47368421052631576,0.7142857142857143,0,,0,,0,,1,0.0,3,0.3333333333333333,6,0.5,6,6,168.57142857142858,838.8571428571429,15,15,118.0,47.2,111,557.0,>100
24,2023,Botic Van De Zandschulp,122298,27.5,NED,188.0,R,29.0,1390.0,14,0.0,821.4285714285714,27,13,0.48148148148148145,1,0,0.0,0,0,0,0,0,0,0,0,1,0,0,0.39457831325301207,0.3192771084337349,0.7349397590361446,0.24169184290030213,0.6292286874154263,0.6817204301075269,0.4610705596107056,0.32591529073941133,0.49174078780177893,0.6616314199395771,0.7168674698795181,0.365296803652968,0.6302521008403361,0.6363636363636364,0,,2,0.5,6,0.3333333333333333,8,0.375,8,0.375,21,0.47619047619047616,27,26,69.88888888888889,1542.0740740740741,68,64,121.96153846153847,49.546875,42,975.0,top100
25,2023,Brandon Nakashima,206909,21.8,USA,185.0,R,45.0,957.0,10,0.0,875.0,17,7,0.4117647058823529,0,0,,0,0,0,0,0,0,0,0,0,0,0,0.4824561403508772,0.18421052631578946,0.8201754385964912,0.14222222222222222,0.6572802197802198,0.741901776384535,0.49498997995991983,0.2549476135040745,0.46075085324232085,0.47555555555555556,0.49122807017543857,0.29906542056074764,0.6339285714285714,0.45454545454545453,0,,0,,1,0.0,2,0.5,8,0.25,16,0.4375,17,16,54.8235294117647,1158.1764705882354,45,40,121.125,48.45,51,855.0,top100
26,2023,Cameron Norrie,111815,27.8,GBR,188.0,L,11.0,2815.0,14,0.07142857142857142,803.5714285714286,43,31,0.7209302325581395,3,1,0.3333333333333333,0,0,0,0,0,0,0,0,3,1,0,0.367816091954023,0.16091954022988506,0.8026819923371648,0.27431906614785995,0.6514778325123153,0.7036862003780718,0.5353356890459364,0.32215743440233235,0.5205696202531646,0.688715953307393,0.5383141762452107,0.3983050847457627,0.6334519572953736,0.6,1,0.0,4,0.5,6,0.6666666666666666,9,0.4444444444444444,16,0.5,29,0.5862068965517241,41,37,97.04651162790698,1452.2093023255813,108,95,118.75675675675676,46.252631578947366,13,2610.0,top32
27,2023,Carlos Alcaraz,207989,20.1,ESP,185.0,R,1.0,7420.0,9,0.5555555555555556,833.3333333333334,44,40,0.9090909090909091,6,5,0.8333333333333334,0,0,0,0,2,2,2,2,2,1,0,0.31275720164609055,0.16255144032921812,0.8518518518518519,0.3674321503131524,0.6660013306719893,0.7177822177822177,0.5577689243027888,0.3760245901639344,0.546644844517185,0.791231732776618,0.41975308641975306,0.46437994722955145,0.6470588235294118,0.7272727272727273,0,,3,0.6666666666666666,6,0.8333333333333334,16,0.8125,26,0.8846153846153846,39,0.9230769230769231,44,38,59.72727272727273,1638.1363636363637,104,84,104.23684210526316,47.154761904761905,1,7675.0,top10
28,2023,Casper Ruud,134770,24.4,NOR,183.0,R,3.0,5820.0,13,0.07692307692307693,846.1538461538462,34,22,0.6470588235294118,2,1,0.5,1,0,0,0,0,0,0,0,1,1,0,0.375,0.19642857142857142,0.8392857142857143,0.2528216704288939,0.6379675370501059,0.7140486725663717,0.5565302144249513,0.3116381687810259,0.5176470588235295,0.6681715575620768,0.4642857142857143,0.3783783783783784,0.6538461538461539,0.5789473684210527,0,,1,0.0,3,0.3333333333333333,4,0.25,17,0.6470588235294118,27,0.6296296296296297,34,27,70.32352941176471,1204.2941176470588,91,67,121.85185185185185,49.1044776119403,4,4960.0,top10
29,2023,Christopher Eubanks,111153,27.0,USA,201.0,R,74.0,740.0,10,0.0,725.0,17,7,0.4117647058823529,0,0,,0,0,0,0,0,0,0,0,0,0,0,0.8026315789473685,0.21052631578947367,0.8201754385964912,0.11946902654867257,0.6846473029045643,0.7141414141414142,0.5241228070175439,0.21411764705882352,0.46942800788954636,0.3185840707964602,0.4605263157894737,0.375,0.6095238095238096,0.6923076923076923,0,,1,0.0,2,0.0,4,0.25,5,0.2,12,0.3333333333333333,17,16,123.41176470588235,1256.764705882353,45,41,107.125,41.80487804878049,77,738.0,top100
30,2023,Christopher Oconnell,106331,29.0,AUS,183.0,R,74.0,737.0,13,0.0,711.5384615384615,26,13,0.5,0,0,,0,0,0,0,0,0,0,0,0,0,0,0.5143769968051118,0.15335463258785942,0.805111821086262,0.1930379746835443,0.6113671274961597,0.7278056951423786,0.5072463768115942,0.2820919175911252,0.4621733149931224,0.5348101265822784,0.476038338658147,0.3609467455621302,0.5906040268456376,0.5384615384615384,0,,0,,3,0.0,6,0.16666666666666666,15,0.3333333333333333,20,0.45,26,25,69.26923076923077,1300.0384615384614,65,62,113.04,45.58064516129032,70,766.0,top100
31,2023,Constant Lestienne,106005,30.6,FRA,180.0,R,48.0,879.0,12,0.0,708.3333333333334,15,4,0.26666666666666666,0,0,,0,0,0,0,0,0,0,0,0,0,0,0.29608938547486036,0.2569832402234637,0.664804469273743,0.21787709497206703,0.6553122465531225,0.6472772277227723,0.4188235294117647,0.29004329004329005,0.48905109489051096,0.553072625698324,0.8770949720670391,0.3939393939393939,0.6178343949044586,0.8,0,,1,0.0,2,0.0,4,0.0,7,0.0,14,0.2857142857142857,15,15,51.0,1454.375,40,36,97.86666666666666,40.77777777777778,73,751.0,top100
32,2023,Corentin Moutet,144895,24.1,FRA,178.0,L,61.0,823.0,7,0.0,1000.0,9,2,0.2222222222222222,0,0,,0,0,0,0,0,0,0,0,0,0,0,0.22142857142857142,0.2357142857142857,0.7285714285714286,0.16901408450704225,0.6567164179104478,0.6347402597402597,0.5217391304347826,0.2842465753424658,0.5136612021857924,0.6267605633802817,0.6428571428571429,0.2696629213483146,0.5777777777777777,0.6666666666666666,0,,0,,1,0.0,1,0.0,4,0.0,5,0.0,9,7,80.33333333333333,1156.7777777777778,29,21,150.14285714285714,50.04761904761905,80,723.0,top100
33,2023,Cristian Garin,106426,26.9,CHI,185.0,R,73.0,723.0,10,0.0,725.0,27,16,0.5925925925925926,0,0,,0,0,0,0,0,0,0,0,0,0,0,0.3191489361702128,0.23404255319148937,0.7872340425531915,0.22807017543859648,0.6149703823371029,0.702276707530648,0.5174825174825175,0.30416312659303313,0.4887640449438202,0.5789473684210527,0.5106382978723404,0.3939393939393939,0.5833333333333334,0.7333333333333333,0,,2,0.5,4,0.25,5,0.4,13,0.5384615384615384,22,0.5909090909090909,25,25,75.92592592592592,1409.6296296296296,59,59,113.72,48.186440677966104,124,498.0,>100
34,2023,Damir Dzumhur,106000,30.9,BIH,172.0,R,197.0,299.0,2,0.0,250.0,6,2,0.3333333333333333,0,0,,0,0,0,0,0,0,0,0,0,0,0,0.046511627906976744,0.09302325581395349,0.7209302325581395,0.2558139534883721,0.7419354838709677,0.6086956521739131,0.5,0.4031413612565445,0.45,0.6511627906976745,0.4883720930232558,0.39285714285714285,0.42857142857142855,0.5,0,,0,,1,0.0,1,0.0,2,0.5,4,0.25,4,4,68.66666666666667,1314.1666666666667,9,9,107.0,47.55555555555556,164,347.0,>100
35,2023,Daniel Altmaier,127157,24.7,GER,191.0,R,59.0,813.0,11,0.0,795.4545454545455,19,7,0.3684210526315789,0,0,,0,0,0,0,0,0,0,0,0,0,0,0.4827586206896552,0.17672413793103448,0.7974137931034483,0.15319148936170213,0.6603650586701434,0.6821322803553801,0.5220729366602687,0.25950054288816504,0.46306306306306305,0.502127659574468,0.5689655172413793,0.3050847457627119,0.6439393939393939,0.5555555555555556,0,,0,,1,1.0,4,0.25,7,0.14285714285714285,14,0.2857142857142857,18,15,79.0,1079.7368421052631,49,38,117.13333333333334,46.23684210526316,65,778.0,top100
36,2023,Daniel Elahi Galan,123755,26.7,COL,191.0,R,67.0,741.0,11,0.0,772.7272727272727,13,2,0.15384615384615385,0,0,,0,0,0,0,0,0,0,0,0,0,0,0.39436619718309857,0.19718309859154928,0.6830985915492958,0.16312056737588654,0.6346555323590815,0.6694078947368421,0.44571428571428573,0.2857142857142857,0.49363867684478374,0.5886524822695035,0.6267605633802817,0.27710843373493976,0.4943820224719101,0.3333333333333333,0,,0,,0,,0,,1,0.0,8,0.25,13,12,89.76923076923077,593.4615384615385,31,27,109.33333333333333,48.592592592592595,84,687.0,top100
37,2023,Daniel Evans,105554,32.9,GBR,175.0,R,24.0,1585.0,14,0.0,821.4285714285714,24,8,0.3333333333333333,0,0,,0,0,0,0,0,0,0,0,0,0,0,0.2873134328358209,0.23880597014925373,0.7574626865671642,0.2029520295202952,0.6045673076923077,0.6918489065606361,0.5075987841945289,0.30511463844797176,0.4942339373970346,0.5571955719557196,0.6119402985074627,0.36423841059602646,0.6036585365853658,0.0,0,,1,0.0,2,0.0,5,0.2,9,0.3333333333333333,18,0.2777777777777778,23,22,66.625,1282.2083333333333,57,54,118.31818181818181,48.2037037037037,30,1321.0,top32
38,2023,Daniil Medvedev,106421,27.3,RUS,198.0,R,2.0,6330.0,13,0.38461538461538464,865.3846153846154,49,41,0.8367346938775511,6,5,0.8333333333333334,0,0,0,0,3,2,2,2,1,1,0,0.572992700729927,0.3156934306569343,0.8412408759124088,0.3375912408759124,0.6414933029353092,0.742780986228343,0.5103338632750397,0.34650735294117646,0.5443234836702955,0.6916058394160584,0.4708029197080292,0.48812664907651715,0.6627906976744186,0.5333333333333333,1,1.0,4,0.5,9,0.6666666666666666,17,0.8235294117647058,31,0.8387096774193549,41,0.8536585365853658,49,48,50.8,1763.82,115,110,103.08333333333333,44.981818181818184,3,5890.0,top10
39,2023,David Goffin,105676,32.4,BEL,180.0,R,41.0,985.0,11,0.0,659.0909090909091,19,7,0.3684210526315789,0,0,,0,0,0,0,0,0,0,0,0,0,0,0.3105263157894737,0.2,0.6947368421052631,0.2653061224489796,0.5862354892205639,0.6704384724186704,0.48096192384769537,0.2913907284768212,0.5322245322245323,0.6224489795918368,0.7421052631578947,0.4262295081967213,0.5886524822695035,0.3333333333333333,0,,1,0.0,1,0.0,3,0.0,9,0.1111111111111111,13,0.07692307692307693,17,17,105.1,1173.55,41,37,91.0,41.810810810810814,123,503.0,>100
40,2023,Denis Kudla,106045,30.6,USA,180.0,R,92.0,573.0,5,0.0,750.0,9,4,0.4444444444444444,0,0,,0,0,0,0,0,0,0,0,0,0,0,0.32075471698113206,0.19811320754716982,0.7547169811320755,0.12727272727272726,0.608346709470305,0.6939313984168866,0.5245901639344263,0.2517814726840855,0.4472573839662447,0.2909090909090909,0.5188679245283019,0.4375,0.5272727272727272,0.75,0,,0,,0,,1,0.0,1,0.0,5,0.4,8,8,80.22222222222223,648.7777777777778,22,22,118.875,43.22727272727273,179,323.0,>100
41,2023,Denis Shapovalov,133430,24.1,CAN,185.0,L,18.0,2075.0,12,0.0,791.6666666666666,22,10,0.45454545454545453,0,0,,0,0,0,0,0,0,0,0,0,0,0,0.574750830564784,0.5780730897009967,0.7973421926910299,0.2026578073089701,0.5524064171122994,0.7357212003872217,0.5053763440860215,0.2900398406374502,0.4840182648401826,0.5149501661129569,0.5049833887043189,0.3935483870967742,0.5986842105263158,0.42857142857142855,1,0.0,4,0.0,5,0.0,6,0.0,9,0.2222222222222222,17,0.29411764705882354,22,19,97.54545454545455,1646.7272727272727,62,50,114.26315789473684,43.42,29,1335.0,top32
42,2023,Diego Schwartzman,106043,30.8,ARG,170.0,R,25.0,1550.0,16,0.0,734.375,24,8,0.3333333333333333,0,0,,0,0,0,0,0,0,0,0,0,0,0,0.10196078431372549,0.23529411764705882,0.6588235294117647,0.25384615384615383,0.673925838728664,0.6096069868995633,0.47653429602888087,0.3215686274509804,0.49325337331334335,0.6,0.807843137254902,0.4230769230769231,0.5776699029126213,0.375,0,,2,0.0,5,0.0,6,0.0,8,0.125,21,0.3333333333333333,24,21,64.08333333333333,1462.5833333333333,58,47,103.42857142857143,46.212765957446805,98,615.0,top100
43,2023,Dominic Thiem,106233,29.6,AUT,185.0,R,89.0,666.0,12,0.0,812.5,21,7,0.3333333333333333,0,0,,0,0,0,0,0,0,0,0,0,0,0,0.3581395348837209,0.24651162790697675,0.7627906976744185,0.18636363636363637,0.5884502923976608,0.6906832298136646,0.5239786856127886,0.25508982035928146,0.4875239923224568,0.4818181818181818,0.6046511627906976,0.3867924528301887,0.6076923076923076,0.2222222222222222,0,,1,0.0,4,0.0,4,0.0,8,0.25,17,0.29411764705882354,19,18,77.47619047619048,1387.4761904761904,47,42,107.0,45.857142857142854,90,666.0,top100
44,2023,Dusan Lajovic,105583,32.8,SRB,180.0,R,40.0,994.0,12,0.08333333333333333,791.6666666666666,27,16,0.5925925925925926,1,1,1.0,0,0,0,0,0,0,0,0,1,1,0,0.2214765100671141,0.12416107382550336,0.7516778523489933,0.2508361204013378,0.6658124038954383,0.6797536566589685,0.46932515337423314,0.32168968318440294,0.5205298013245033,0.5852842809364549,0.6308724832214765,0.42857142857142855,0.6063829787234043,0.7272727272727273,2,0.5,4,0.25,6,0.5,6,0.5,11,0.6363636363636364,24,0.5416666666666666,27,26,53.592592592592595,1962.9259259259259,64,62,111.42307692307692,46.725806451612904,52,854.0,top100
45,2023,Elias Ymer,111200,26.9,SWE,183.0,R,120.0,459.0,6,0.0,583.3333333333334,9,3,0.3333333333333333,0,0,,0,0,0,0,0,0,0,0,0,0,0,0.297029702970297,0.31683168316831684,0.6237623762376238,0.25510204081632654,0.5729483282674772,0.6525198938992043,0.4377224199288256,0.26586102719033233,0.5168067226890757,0.5,0.8712871287128713,0.5102040816326531,0.5681818181818182,1.0,0,,1,0.0,1,0.0,1,0.0,3,0.0,4,0.25,8,7,176.22222222222223,1093.3333333333333,21,18,113.71428571428571,44.22222222222222,168,344.0,>100
46,2023,Emil Ruusuvuori,200325,24.1,FIN,188.0,R,38.0,1021.0,16,0.0,765.625,35,19,0.5428571428571428,0,0,,0,0,0,0,0,0,0,0,0,0,0,0.4491315136476427,0.18114143920595532,0.7841191066997518,0.20947630922693267,0.6357952325127003,0.7160417947141979,0.5042918454935622,0.2837326607818411,0.5113524185587365,0.5336658354114713,0.5806451612903226,0.3925233644859813,0.6282051282051282,0.5714285714285714,0,,3,0.0,5,0.2,8,0.25,19,0.42105263157894735,34,0.5294117647058824,33,31,47.77142857142857,1662.3714285714286,82,74,113.64516129032258,47.608108108108105,45,936.0,top100
47,2023,Emilio Gomez,105877,31.3,ECU,185.0,R,90.0,603.0,5,0.0,350.0,9,4,0.4444444444444444,0,0,,0,0,0,0,0,0,0,0,0,0,0,0.3465346534653465,0.27722772277227725,0.693069306930693,0.17475728155339806,0.6087613293051359,0.7270471464019851,0.416988416988417,0.2737819025522042,0.4473684210526316,0.4563106796116505,0.7029702970297029,0.3829787234042553,0.5633802816901409,0.5,0,,0,,1,0.0,1,0.0,5,0.2,7,0.2857142857142857,9,9,71.44444444444444,1193.5555555555557,21,21,107.88888888888889,46.23809523809524,127,492.0,>100
48,2023,Fabian Marozsan,206681,23.5,HUN,191.0,R,135.0,441.0,1,0.0,1000.0,5,3,0.6,0,0,,0,0,0,0,0,0,0,0,0,0,0,0.1320754716981132,0.03773584905660377,0.8679245283018868,0.2549019607843137,0.6231003039513677,0.7560975609756098,0.5887096774193549,0.26851851851851855,0.5892857142857143,0.6274509803921569,0.2641509433962264,0.40625,0.5,0.6666666666666666,0,,1,1.0,1,1.0,2,0.5,3,0.6666666666666666,5,0.6,4,4,42.0,2277.2,11,11,120.75,43.90909090909091,95,626.0,top100
49,2023,Fabio Fognini,104926,36.0,ITA,178.0,R,57.0,843.0,10,0.0,825.0,16,6,0.375,0,0,,0,0,0,0,0,0,0,0,0,0,0,0.24,0.37,0.655,0.2995169082125604,0.6077821011673151,0.6402048655569782,0.47619047619047616,0.3408239700374532,0.5161943319838057,0.5942028985507246,0.725,0.5040650406504065,0.5241379310344828,0.8,0,,1,0.0,3,0.3333333333333333,3,0.3333333333333333,7,0.42857142857142855,11,0.36363636363636365,16,13,80.3125,1387.625,43,32,112.53846153846153,45.71875,121,513.0,>100
50,2023,Facundo Bagnis,105487,33.0,ARG,183.0,L,87.0,595.0,6,0.0,666.6666666666666,8,1,0.125,0,0,,0,0,0,0,0,0,0,0,0,0,0,0.5294117647058824,0.27058823529411763,0.6941176470588235,0.1566265060240964,0.6596119929453262,0.6256684491978609,0.45595854922279794,0.25165562913907286,0.4277456647398844,0.3614457831325301,0.6235294117647059,0.43333333333333335,0.5094339622641509,0.0,1,0.0,1,0.0,1,0.0,1,0.0,3,0.0,6,0.0,7,7,78.875,1561.5,19,19,111.71428571428571,41.1578947368421,126,496.0,>100
51,2023,Federico Coria,105948,30.9,ARG,180.0,R,49.0,880.0,9,0.0,805.5555555555555,14,4,0.2857142857142857,1,0,0.0,0,0,0,0,0,0,0,0,1,0,0,0.25766871165644173,0.2147239263803681,0.6748466257668712,0.2545454545454545,0.6660682226211849,0.6199460916442049,0.4731182795698925,0.3249258160237389,0.49074074074074076,0.6181818181818182,0.7852760736196319,0.4117647058823529,0.5859375,0.375,0,,0,,0,,1,0.0,6,0.16666666666666666,11,0.36363636363636365,14,13,73.57142857142857,885.8571428571429,36,32,109.46153846153847,44.46875,104,585.0,>100
52,2023,Felix Auger Aliassime,200000,22.7,CAN,193.0,R,6.0,4195.0,11,0.0,886.3636363636364,23,13,0.5652173913043478,0,0,,0,0,0,0,0,0,0,0,0,0,0,0.7156862745098039,0.3790849673202614,0.8398692810457516,0.17,0.5859169732002102,0.7856502242152467,0.49619289340101524,0.2724306688417618,0.47750362844702465,0.5133333333333333,0.4084967320261438,0.33116883116883117,0.608,0.5714285714285714,0,,1,0.0,2,0.0,4,0.25,10,0.5,19,0.5789473684210527,23,23,67.25,1282.7916666666667,61,59,132.52173913043478,51.66101694915254,12,2760.0,top32
53,2023,Mackenzie Mcdonald,111456,33.2,USA,178.0,R,118.0,452.0,5,0.0,300.0,5,0,0.0,0,0,,0,0,0,0,0,0,0,0,0,0,0,0.10869565217391304,0.43478260869565216,0.4782608695652174,0.1702127659574468,0.6246153846153846,0.5566502463054187,0.3442622950819672,0.29608938547486036,0.4166666666666667,0.3829787234042553,0.8478260869565217,0.4444444444444444,0.38461538461538464,0.0,0,,0,,0,,0,,0,,3,0.0,5,5,92.4,613.8,11,11,90.0,40.90909090909091,64,785.0,top100
54,2023,Mackenzie Mcdonald,111456,28.1,USA,178.0,R,52.0,865.0,15,0.0,783.3333333333334,31,16,0.5161290322580645,0,0,,0,0,0,0,0,0,0,0,0,0,0,0.47058823529411764,0.20588235294117646,0.7705882352941177,0.2441860465116279,0.6431574030826717,0.6935366739288308,0.5052356020942408,0.30925050641458474,0.5348837209302325,0.5872093023255814,0.5529411764705883,0.4158415841584158,0.5851063829787234,0.36363636363636365,0,,1,1.0,3,0.3333333333333333,5,0.4,16,0.4375,24,0.5,30,29,73.6774193548387,1258.5483870967741,72,69,103.89655172413794,43.666666666666664,64,785.0,top100
55,2023,Filip Krajinovic,105936,30.9,SRB,185.0,R,54.0,845.0,12,0.0,812.5,15,3,0.2,0,0,,0,0,0,0,0,0,0,0,0,0,0,0.3675675675675676,0.12432432432432433,0.681081081081081,0.13829787234042554,0.6496350364963503,0.6329588014981273,0.5115740740740741,0.24362606232294617,0.4744186046511628,0.3829787234042553,0.6864864864864865,0.3611111111111111,0.5354330708661418,0.5,0,,0,,2,0.0,3,0.0,6,0.0,13,0.07692307692307693,15,14,85.13333333333334,1200.4,39,36,115.35714285714286,44.861111111111114,204,281.0,>100
56,2023,Flavio Cobolli,207925,20.9,ITA,,R,159.0,378.0,4,0.0,875.0,7,3,0.42857142857142855,0,0,,0,0,0,0,0,0,0,0,0,0,0,0.35,0.275,0.7125,0.26506024096385544,0.5873320537428023,0.6601307189542484,0.49767441860465117,0.3415384615384615,0.48295454545454547,0.6144578313253012,0.8125,0.43137254901960786,0.6461538461538462,0.0,1,0.0,1,0.0,1,0.0,1,0.0,2,0.0,6,0.3333333333333333,7,6,104.57142857142857,1545.4285714285713,17,14,102.83333333333333,44.07142857142857,150,390.0,>100
57,2023,Frances Tiafoe,126207,25.4,USA,188.0,R,10.0,3085.0,13,0.15384615384615385,807.6923076923077,38,28,0.7368421052631579,2,2,1.0,0,0,0,0,0,0,0,0,2,2,0,0.6550976138828634,0.18004338394793926,0.8720173535791758,0.22510822510822512,0.6043689320388349,0.7716580608146874,0.5363716038562665,0.2810317033852767,0.5097706032285472,0.5930735930735931,0.3947939262472885,0.3795620437956204,0.6758241758241759,0.5909090909090909,0,,1,0.0,2,0.0,6,0.3333333333333333,16,0.5,31,0.6774193548387096,38,35,94.02631578947368,1101.6052631578948,94,83,104.51428571428572,44.0722891566265,10,3085.0,top10
58,2023,Francesco Passaro,208859,22.2,ITA,,R,110.0,501.0,4,0.0,562.5,6,2,0.3333333333333333,0,0,,0,0,0,0,0,0,0,0,0,0,0,0.2903225806451613,0.3548387096774194,0.6774193548387097,0.22580645161290322,0.6031746031746031,0.6754385964912281,0.46,0.2698412698412698,0.6013986013986014,0.4838709677419355,0.5967741935483871,0.4666666666666667,0.4594594594594595,,0,,0,,0,,0,,1,0.0,3,0.0,6,6,109.5,648.5,14,14,92.83333333333333,39.785714285714285,148,402.0,>100
59,2023,Francisco Cerundolo,202103,24.8,ARG,185.0,R,19.0,1655.0,15,0.0,766.6666666666666,40,24,0.6,1,0,0.0,0,0,0,0,0,0,0,0,1,0,0,0.20121951219512196,0.2886178861788618,0.7642276422764227,0.298,0.6692814559146533,0.6760431317393343,0.48861480075901326,0.3492957746478873,0.5179445350734094,0.758,0.6178861788617886,0.39313984168865435,0.618421052631579,0.4166666666666667,0,,2,0.5,8,0.5,12,0.5833333333333334,17,0.4117647058823529,32,0.53125,39,34,55.625,1598.45,106,88,117.05882352941177,45.22727272727273,19,1655.0,top32
60,2023,Gael Monfils,104792,36.7,FRA,193.0,R,210.0,270.0,5,0.0,900.0,5,1,0.2,0,0,,0,0,0,0,0,0,0,0,0,0,0,0.25862068965517243,0.3103448275862069,0.6551724137931034,0.22033898305084745,0.6222826086956522,0.6462882096069869,0.4244604316546763,0.3409090909090909,0.425,0.4745762711864407,0.7586206896551724,0.4642857142857143,0.5454545454545454,,0,,0,,0,,0,,2,0.5,5,0.2,5,4,52.0,1425.1666666666667,13,8,70.75,35.375,314,162.0,>100
61,2023,Gijs Brouwer,133835,27.0,NED,,L,116.0,496.0,5,0.0,350.0,11,6,0.5454545454545454,0,0,,0,0,0,0,0,0,0,0,0,0,0,0.5130434782608696,0.2,0.817391304347826,0.1565217391304348,0.6877697841726619,0.7217573221757322,0.5069124423963134,0.2550335570469799,0.4825174825174825,0.48695652173913045,0.3565217391304348,0.32142857142857145,0.4878048780487805,1.0,0,,0,,1,1.0,2,0.5,5,0.6,8,0.5,11,11,66.54545454545455,1177.7272727272727,24,24,84.63636363636364,38.791666666666664,153,383.0,>100
62,2023,Gregoire Barrere,106296,29.3,FRA,183.0,R,55.0,850.0,14,0.0,750.0,27,13,0.48148148148148145,0,0,,0,0,0,0,0,0,0,0,0,0,0,0.31547619047619047,0.18154761904761904,0.8214285714285714,0.18154761904761904,0.608195211786372,0.7077971233913701,0.5487661574618097,0.2828136330674402,0.4748743718592965,0.5178571428571429,0.44642857142857145,0.3505747126436782,0.6,0.4444444444444444,0,,1,0.0,3,0.0,7,0.2857142857142857,16,0.4375,21,0.42857142857142855,27,26,64.11111111111111,1335.7037037037037,68,63,104.34615384615384,43.06349206349206,57,817.0,top100
63,2023,Grigor Dimitrov,105777,32.0,BUL,188.0,R,25.0,1620.0,13,0.0,865.3846153846154,32,20,0.625,1,0,0.0,0,0,0,0,0,0,0,0,1,0,0,0.6778350515463918,0.2860824742268041,0.8144329896907216,0.24345549738219896,0.6014043783560512,0.7706043956043956,0.48601036269430054,0.29072031148604804,0.5362014690451207,0.6256544502617801,0.48195876288659795,0.3891213389121339,0.6149732620320856,0.5882352941176471,1,0.0,5,0.0,7,0.2857142857142857,10,0.3,17,0.4117647058823529,28,0.5714285714285714,32,28,49.81818181818182,1970.3030303030303,80,66,106.42857142857143,45.15151515151515,24,1430.0,top32
64,2023,Guido Pella,105550,33.0,ARG,185.0,L,423.0,105.0,8,0.0,968.75,13,5,0.38461538461538464,0,0,,0,0,0,0,0,0,0,0,0,0,0,0.1301775147928994,0.1834319526627219,0.7633136094674556,0.18128654970760233,0.6846511627906977,0.6630434782608695,0.5250737463126843,0.2679640718562874,0.509594882729211,0.5263157894736842,0.5502958579881657,0.34444444444444444,0.5698924731182796,0.3333333333333333,0,,0,,0,,0,,5,0.2,10,0.4,13,11,85.23076923076923,795.9230769230769,35,26,109.9090909090909,46.5,334,150.0,>100
65,2023,Holger Rune,208029,20.1,DEN,185.0,R,6.0,4375.0,13,0.07692307692307693,865.3846153846154,45,33,0.7333333333333333,3,1,0.3333333333333333,0,0,0,0,2,0,0,0,1,1,0,0.37749546279491836,0.3121597096188748,0.8402903811252269,0.24909090909090909,0.6197021764032073,0.7231977818853974,0.5406626506024096,0.3045662100456621,0.513909224011713,0.6163636363636363,0.44464609800362975,0.40412979351032446,0.6408163265306123,0.65,1,1.0,5,0.6,9,0.4444444444444444,11,0.45454545454545453,22,0.5909090909090909,35,0.6857142857142857,43,40,87.29787234042553,1562.787234042553,113,98,112.925,46.09183673469388,6,4510.0,top10
66,2023,Hubert Hurkacz,128034,26.3,POL,196.0,R,9.0,3110.0,14,0.07142857142857142,821.4285714285714,36,22,0.6111111111111112,1,1,1.0,0,0,0,0,0,0,0,0,1,1,0,1.0108108108108107,0.16396396396396395,0.8648648648648649,0.15173674588665448,0.6289527125036264,0.7993542435424354,0.49726348709929635,0.2679509632224168,0.46104815864022664,0.4954296160877514,0.3333333333333333,0.3062730627306273,0.5945945945945946,0.5,1,0.0,1,0.0,3,0.0,6,0.0,18,0.3888888888888889,29,0.5172413793103449,36,33,58.97222222222222,1291.9166666666667,108,93,129.63636363636363,46.0,18,2060.0,top32
67,2023,Hugo Dellien,106198,29.6,BOL,180.0,R,107.0,506.0,8,0.0,781.25,13,5,0.38461538461538464,0,0,,0,0,0,0,0,0,0,0,0,0,0,0.1619718309859155,0.1267605633802817,0.7112676056338028,0.2014388489208633,0.6970338983050848,0.6382978723404256,0.47202797202797203,0.26627218934911245,0.4919614147909968,0.41007194244604317,0.676056338028169,0.49122807017543857,0.5729166666666666,0.0,0,,0,,0,,1,0.0,4,0.0,9,0.2222222222222222,13,12,149.0,812.0769230769231,32,29,98.25,40.6551724137931,170,340.0,>100
68,2023,Hugo Gaston,200384,22.5,FRA,173.0,L,101.0,580.0,6,0.0,666.6666666666666,8,2,0.25,0,0,,0,0,0,0,0,0,0,0,0,0,0,0.2988505747126437,0.2413793103448276,0.6551724137931034,0.19101123595505617,0.5353901996370236,0.6474576271186441,0.46875,0.3096774193548387,0.41409691629955947,0.449438202247191,0.6896551724137931,0.425,0.5,0.0,0,,0,,0,,1,0.0,2,0.0,6,0.16666666666666666,8,7,154.375,829.375,18,15,94.14285714285714,43.93333333333333,137,445.0,>100
69,2023,Hugo Grenier,126409,27.0,FRA,196.0,R,122.0,518.0,4,0.0,1062.5,6,2,0.3333333333333333,0,0,,0,0,0,0,0,0,0,0,0,0,0,0.391304347826087,0.2753623188405797,0.6811594202898551,0.14285714285714285,0.603411513859275,0.6289752650176679,0.4838709677419355,0.24475524475524477,0.44274809160305345,0.4,0.6666666666666666,0.35714285714285715,0.5217391304347826,1.0,0,,0,,0,,1,0.0,2,0.5,5,0.4,6,5,76.66666666666667,1020.5,14,10,103.8,51.9,129,478.0,>100
70,2023,Ilya Ivashka,125802,29.2,BLR,193.0,R,61.0,781.0,13,0.0,826.9230769230769,19,6,0.3157894736842105,0,0,,0,0,0,0,0,0,0,0,0,0,0,0.3145539906103286,0.2347417840375587,0.6807511737089202,0.22272727272727272,0.6139839766933721,0.6714116251482799,0.44339622641509435,0.3098901098901099,0.488245931283906,0.65,0.7464788732394366,0.34265734265734266,0.5723270440251572,0.0,0,,1,0.0,3,0.0,5,0.0,11,0.2727272727272727,15,0.2,19,18,70.78947368421052,1520.157894736842,47,43,110.22222222222223,46.13953488372093,102,607.0,>100
71,2023,J J Wolf,200670,24.4,USA,183.0,R,39.0,996.0,13,0.0,788.4615384615385,27,14,0.5185185185185185,0,0,,0,0,0,0,0,0,0,0,0,0,0,0.6036036036036037,0.24624624624624625,0.8348348348348349,0.20615384615384616,0.5962554008641383,0.7455716586151369,0.5279429250891795,0.2778662420382166,0.479136690647482,0.41846153846153844,0.5135135135135135,0.49264705882352944,0.6783625730994152,0.4444444444444444,0,,1,0.0,2,0.0,4,0.5,11,0.45454545454545453,19,0.42105263157894735,27,26,74.70370370370371,1123.0740740740741,67,62,106.8076923076923,44.79032258064516,46,889.0,top100
72,2023,Jack Draper,207733,21.4,GBR,191.0,L,38.0,1020.0,7,0.0,964.2857142857143,17,10,0.5882352941176471,0,0,,0,0,0,0,0,0,0,0,0,0,0,0.6797752808988764,0.24719101123595505,0.8146067415730337,0.2611111111111111,0.6027397260273972,0.7258522727272727,0.5043103448275862,0.29796511627906974,0.5229759299781181,0.65,0.601123595505618,0.4017094017094017,0.6915887850467289,0.8,0,,2,0.0,2,0.0,5,0.2,12,0.5,16,0.5625,17,16,45.11764705882353,1789.4117647058824,39,37,108.875,47.08108108108108,75,741.0,top100
73,2023,Jack Sock,106058,30.4,USA,185.0,R,141.0,405.0,4,0.0,437.5,6,2,0.3333333333333333,0,0,,0,0,0,0,0,0,0,0,0,0,0,0.5,0.4583333333333333,0.7916666666666666,0.136986301369863,0.5653021442495126,0.7275862068965517,0.45739910313901344,0.2636986301369863,0.47619047619047616,0.4246575342465753,0.6944444444444444,0.3225806451612903,0.7,0.5,0,,0,,1,0.0,1,0.0,2,0.0,4,0.5,6,6,183.5,1107.1666666666667,15,15,119.16666666666667,47.666666666666664,369,128.0,>100
74,2023,Jan Lennard Struff,105526,33.1,GER,193.0,R,21.0,1587.0,10,0.0,925.0,26,16,0.6153846153846154,2,0,0.0,0,0,0,0,1,0,0,0,1,0,0,0.7551622418879056,0.29793510324483774,0.8466076696165192,0.19767441860465115,0.5793258426966292,0.7571761055081458,0.5128205128205128,0.2652461425422483,0.488456865127582,0.4476744186046512,0.5073746312684366,0.44155844155844154,0.6976744186046512,0.5333333333333333,0,,3,0.6666666666666666,4,0.5,9,0.5555555555555556,17,0.5294117647058824,23,0.6521739130434783,26,25,50.23076923076923,1775.0384615384614,69,64,111.24,43.453125,22,1625.0,top32
75,2023,Jannik Sinner,206173,21.8,ITA,188.0,R,8.0,3525.0,13,0.07692307692307693,807.6923076923077,42,32,0.7619047619047619,3,1,0.3333333333333333,0,0,0,0,1,0,1,0,1,1,0,0.41365461847389556,0.15060240963855423,0.8493975903614458,0.3097165991902834,0.5928242264647795,0.747917823431427,0.555375909458367,0.33183856502242154,0.5597783056215361,0.7064777327935222,0.43373493975903615,0.4383954154727794,0.6527777777777778,0.5714285714285714,1,1.0,6,0.5,8,0.5,10,0.5,24,0.625,36,0.7222222222222222,42,43,74.35555555555555,1675.5777777777778,107,102,103.83720930232558,43.77450980392157,8,3345.0,top10
76,2023,Jannik Sinner,206173,29.6,ITA,188.0,R,473.0,85.0,7,0.0,821.4285714285714,7,0,0.0,0,0,,0,0,0,0,0,0,0,0,0,0,0,0.3466666666666667,0.30666666666666664,0.64,0.07894736842105263,0.5786163522012578,0.6231884057971014,0.44776119402985076,0.1811320754716981,0.4125,0.25,0.6266666666666667,0.3157894736842105,0.425531914893617,0.0,0,,0,,0,,2,0.0,3,0.0,7,0.0,7,7,54.142857142857146,1290.4285714285713,16,16,91.28571428571429,39.9375,8,3345.0,top10
77,2023,Jason Kubler,106186,30.0,AUS,178.0,R,63.0,782.0,12,0.0,812.5,23,12,0.5217391304347826,0,0,,0,0,0,0,0,0,0,0,0,0,0,0.5091575091575091,0.16483516483516483,0.7875457875457875,0.18613138686131386,0.6275659824046921,0.7158878504672898,0.5133858267716536,0.26692456479690524,0.4753577106518283,0.35036496350364965,0.4725274725274725,0.53125,0.5503875968992248,0.6,0,,0,,1,0.0,5,0.0,13,0.3076923076923077,18,0.4444444444444444,23,21,71.91304347826087,1181.695652173913,58,50,107.0952380952381,44.98,74,742.0,top100
78,2023,Jaume Munar,144719,25.9,ESP,183.0,R,58.0,847.0,14,0.0,785.7142857142857,23,9,0.391304347826087,0,0,,0,0,0,0,0,0,0,0,0,0,0,0.17164179104477612,0.26492537313432835,0.6529850746268657,0.2693726937269373,0.6786922209695603,0.643687707641196,0.43333333333333335,0.33586337760910817,0.47759103641456585,0.5940959409594095,0.7350746268656716,0.453416149068323,0.5279187817258884,0.5,0,,0,,1,0.0,2,0.5,5,0.4,13,0.3076923076923077,23,22,131.69565217391303,807.8260869565217,58,54,122.68181818181819,49.98148148148148,108,570.0,>100
79,2023,Jenson Brooksby,202385,22.2,USA,188.0,R,39.0,1010.0,2,0.0,1125.0,7,5,0.7142857142857143,0,0,,0,0,0,0,0,0,0,0,0,0,0,0.2777777777777778,0.14444444444444443,0.8111111111111111,0.2808988764044944,0.5983870967741935,0.6792452830188679,0.5381526104417671,0.30368098159509205,0.5110132158590308,0.5955056179775281,0.5888888888888889,0.4716981132075472,0.6792452830188679,0.5,0,,1,1.0,1,1.0,2,0.5,4,0.5,7,0.7142857142857143,7,7,39.42857142857143,1895.2857142857142,20,20,128.42857142857142,44.95,101,610.0,>100
80,2023,Jiri Lehecka,208103,21.6,CZE,185.0,R,36.0,1048.0,14,0.0,803.5714285714286,35,21,0.6,0,0,,0,0,0,0,0,0,0,0,0,0,0,0.41019417475728154,0.17475728155339806,0.8058252427184466,0.19852941176470587,0.6459311424100157,0.7238037552998183,0.518232044198895,0.28697850821744625,0.47114375655823715,0.5343137254901961,0.48058252427184467,0.37155963302752293,0.5959595959595959,0.6153846153846154,0,,3,0.3333333333333333,7,0.2857142857142857,13,0.3076923076923077,20,0.5,29,0.5517241379310345,33,30,56.2,1862.0285714285715,86,76,105.63333333333334,41.69736842105263,36,1083.0,top100
81,2023,Joao Sousa,105311,34.0,POR,185.0,R,81.0,644.0,7,0.0,500.0,12,3,0.25,0,0,,0,0,0,0,0,0,0,0,0,0,0,0.18584070796460178,0.17699115044247787,0.6548672566371682,0.14782608695652175,0.5926928281461434,0.6415525114155252,0.44518272425249167,0.25961538461538464,0.42023346303501946,0.3652173913043478,0.7345132743362832,0.40476190476190477,0.5301204819277109,0.5,0,,1,0.0,1,0.0,1,0.0,3,0.0,7,0.14285714285714285,10,10,73.66666666666667,1107.6666666666667,25,25,113.4,45.36,313,163.0,>100
82,2023,John Isner,104545,37.7,USA,206.0,R,38.0,995.0,8,0.0,906.25,12,4,0.3333333333333333,1,0,0.0,0,0,0,0,0,0,0,0,1,0,0,1.5,0.18333333333333332,0.9277777777777778,0.04395604395604396,0.67828418230563,0.8115942028985508,0.5611111111111111,0.18488529014844804,0.38817480719794345,0.2032967032967033,0.2777777777777778,0.21621621621621623,0.74,0.4444444444444444,0,,1,0.0,1,0.0,1,0.0,4,0.25,8,0.25,12,11,85.0,893.8333333333334,33,28,121.36363636363636,47.67857142857143,103,595.0,>100
83,2023,Jordan Thompson,111442,29.1,AUS,183.0,R,76.0,737.0,11,0.0,727.2727272727273,19,8,0.42105263157894735,1,0,0.0,0,0,0,0,0,0,0,0,1,0,0,0.6371308016877637,0.10126582278481013,0.8312236286919832,0.14225941422594143,0.6049469964664311,0.7348130841121495,0.5670840787119857,0.2773938795656466,0.45688073394495415,0.47280334728033474,0.35864978902953587,0.3008849557522124,0.5294117647058824,0.6363636363636364,0,,1,1.0,1,1.0,2,0.5,3,0.3333333333333333,13,0.3076923076923077,19,18,91.05263157894737,969.3157894736842,48,44,114.5,46.84090909090909,71,765.0,top100
84,2023,Juan Manuel Cerundolo,207678,21.2,ARG,183.0,L,105.0,575.0,5,0.0,400.0,8,3,0.375,0,0,,0,0,0,0,0,0,0,0,0,0,0,0.27586206896551724,0.26436781609195403,0.7126436781609196,0.2247191011235955,0.6528,0.6348039215686274,0.4608294930875576,0.343980343980344,0.4678362573099415,0.5730337078651685,0.8045977011494253,0.39215686274509803,0.6428571428571429,0.6666666666666666,0,,0,,0,,1,0.0,2,0.5,5,0.4,8,8,82.5,950.25,20,20,112.25,44.9,110,560.0,>100
85,2023,Juan Pablo Varillas,122669,27.6,PER,185.0,R,77.0,681.0,11,0.0,772.7272727272727,20,9,0.45,0,0,,0,0,0,0,0,0,0,0,0,0,0,0.3524904214559387,0.09961685823754789,0.7586206896551724,0.23018867924528302,0.5977686435701702,0.6768172888015717,0.5065693430656935,0.30776014109347444,0.5264900662251656,0.5547169811320755,0.6245210727969349,0.41496598639455784,0.6134969325153374,0.2857142857142857,0,,1,0.0,2,0.0,6,0.3333333333333333,10,0.3,14,0.35714285714285715,20,16,89.0,1489.6,56,38,121.5625,51.18421052631579,60,806.0,top100
86,2023,Karen Khachanov,111575,27.0,RUS,198.0,R,11.0,3025.0,11,0.0,954.5454545454545,34,23,0.6764705882352942,0,0,,0,0,0,0,0,0,0,0,0,0,0,0.5701357466063348,0.1334841628959276,0.8438914027149321,0.2494279176201373,0.6433143669985776,0.724709784411277,0.5543369890329013,0.31931818181818183,0.501788908765653,0.6132723112128147,0.4276018099547511,0.40671641791044777,0.6349206349206349,0.625,0,,5,0.2,8,0.25,9,0.3333333333333333,21,0.5238095238095238,32,0.65625,34,29,42.85294117647059,1961.4117647058824,93,73,114.0,45.28767123287671,11,3035.0,top32
87,2023,Laslo Djere,111513,28.0,SRB,188.0,R,54.0,860.0,15,0.0,750.0,32,17,0.53125,0,0,,0,0,0,0,0,0,0,0,0,0,0,0.4985754985754986,0.25071225071225073,0.7948717948717949,0.20391061452513967,0.5909871244635193,0.7138707334785767,0.5057712486883525,0.2755395683453237,0.4948216340621404,0.48044692737430167,0.5897435897435898,0.42441860465116277,0.6521739130434783,0.5333333333333333,0,,4,0.25,5,0.2,8,0.125,13,0.3076923076923077,22,0.4090909090909091,31,30,84.5,1618.59375,76,72,106.6,44.416666666666664,56,820.0,top100
88,2023,Lloyd Harris,144750,25.8,RSA,193.0,R,186.0,310.0,4,0.0,1187.5,5,1,0.2,0,0,,0,0,0,0,0,0,0,0,0,0,0,0.5189873417721519,0.13924050632911392,0.810126582278481,0.1,0.6292134831460674,0.7083333333333334,0.45454545454545453,0.25316455696202533,0.4,0.425,0.4936708860759494,0.23529411764705882,0.6153846153846154,0.2,0,,0,,0,,1,1.0,3,0.3333333333333333,5,0.2,5,4,45.8,1215.4,16,13,149.5,46.0,298,177.0,>100
89,2023,Lorenzo Musetti,207518,21.2,ITA,185.0,R,16.0,2130.0,15,0.0,766.6666666666666,35,20,0.5714285714285714,0,0,,0,0,0,0,0,0,0,0,0,0,0,0.34366925064599485,0.18087855297157623,0.7829457364341086,0.2979274611398964,0.6192066805845512,0.6979096426163183,0.5350877192982456,0.3337587747287811,0.5332618025751072,0.6761658031088082,0.49870801033591733,0.44061302681992337,0.5647668393782384,0.625,2,0.5,4,0.25,6,0.16666666666666666,11,0.36363636363636365,14,0.42857142857142855,22,0.5454545454545454,35,31,98.80555555555556,1725.8055555555557,84,71,101.19354838709677,44.183098591549296,15,2210.0,top32
90,2023,Lorenzo Sonego,132283,28.1,ITA,191.0,R,39.0,990.0,16,0.0,750.0,33,17,0.5151515151515151,0,0,,0,0,0,0,0,0,0,0,0,0,0,0.4338235294117647,0.16911764705882354,0.8357843137254902,0.18313253012048192,0.6701960784313725,0.7366881217086015,0.5208085612366231,0.2589341692789969,0.47046632124352333,0.4650602409638554,0.49019607843137253,0.39378238341968913,0.665,0.4375,0,,2,0.0,7,0.2857142857142857,12,0.25,21,0.47619047619047616,30,0.4666666666666667,33,29,56.93939393939394,1806.4242424242425,86,70,116.03448275862068,48.07142857142857,40,1015.0,top100
91,2023,Luca Nardi,208134,19.6,ITA,185.0,R,151.0,392.0,4,0.0,625.0,5,1,0.2,0,0,,0,0,0,0,0,0,0,0,0,0,0,0.13725490196078433,0.13725490196078433,0.607843137254902,0.16326530612244897,0.657051282051282,0.5756097560975609,0.4672897196261682,0.2890995260663507,0.4827586206896552,0.6938775510204082,0.6470588235294118,0.23529411764705882,0.3939393939393939,,0,,0,,0,,0,,2,0.0,3,0.0,5,5,118.6,860.2,11,11,90.6,41.18181818181818,154,381.0,>100
92,2023,Luca Van Assche,209414,19.0,FRA,,R,82.0,725.0,7,0.0,857.1428571428571,10,3,0.3,0,0,,0,0,0,0,0,0,0,0,0,0,0,0.11627906976744186,0.2558139534883721,0.7209302325581395,0.21374045801526717,0.5973871733966746,0.6540755467196819,0.5073746312684366,0.30935251798561153,0.4750830564784053,0.46564885496183206,0.689922480620155,0.45901639344262296,0.5955056179775281,0.3333333333333333,1,0.0,1,0.0,1,0.0,2,0.0,5,0.0,9,0.2222222222222222,10,8,87.2,1662.7,27,21,129.0,49.142857142857146,79,736.0,top100
93,2023,Marc Andrea Huesler,144817,26.9,SUI,196.0,L,47.0,904.0,16,0.0,734.375,24,9,0.375,0,0,,0,0,0,0,0,0,0,0,0,0,0,0.57,0.18333333333333332,0.7933333333333333,0.1568627450980392,0.5974710221285564,0.7275132275132276,0.5170157068062827,0.27011494252873564,0.4556213017751479,0.369281045751634,0.53,0.4247787610619469,0.610062893081761,0.5714285714285714,0,,0,,1,0.0,4,0.25,6,0.5,15,0.3333333333333333,22,20,103.04166666666667,896.5416666666666,60,54,122.5,45.370370370370374,83,705.0,top100
94,2023,Marco Cecchinato,106065,30.6,ITA,185.0,R,72.0,742.0,8,0.0,656.25,18,10,0.5555555555555556,0,0,,0,0,0,0,0,0,0,0,0,0,0,0.37373737373737376,0.23232323232323232,0.7727272727272727,0.2193877551020408,0.62528047868362,0.6722488038277512,0.5289421157684631,0.3193384223918575,0.46808510638297873,0.49489795918367346,0.6363636363636364,0.44329896907216493,0.6428571428571429,0.7142857142857143,0,,0,,0,,1,0.0,6,0.6666666666666666,17,0.5882352941176471,18,17,65.27777777777777,900.8888888888889,42,39,99.6470588235294,43.43589743589744,88,673.0,top100
95,2023,Marcos Giron,106218,29.8,USA,180.0,R,55.0,841.0,16,0.0,687.5,31,15,0.4838709677419355,0,0,,0,0,0,0,0,0,0,0,0,0,0,0.41621621621621624,0.11621621621621622,0.8054054054054054,0.2154255319148936,0.6372377622377622,0.7174211248285323,0.5240963855421686,0.29759584145549056,0.49209932279909707,0.5851063829787234,0.4648648648648649,0.36818181818181817,0.5813953488372093,0.36363636363636365,0,,1,0.0,4,0.0,6,0.0,14,0.21428571428571427,23,0.43478260869565216,31,28,98.16129032258064,1267.7096774193549,80,69,103.10714285714286,41.84057971014493,63,795.0,top100
96,2023,Marton Fucsovics,105916,31.3,HUN,188.0,R,69.0,767.0,12,0.0,854.1666666666666,27,14,0.5185185185185185,0,0,,0,0,0,0,0,0,0,0,0,0,0,0.3211009174311927,0.27217125382262997,0.7675840978593272,0.2515151515151515,0.6028169014084507,0.7009345794392523,0.5059101654846335,0.32166790766939685,0.5059808612440191,0.5818181818181818,0.581039755351682,0.4322916666666667,0.6,0.2727272727272727,0,,2,0.0,5,0.2,10,0.3,15,0.3333333333333333,23,0.43478260869565216,25,24,62.285714285714285,1690.5,69,63,123.79166666666667,47.15873015873016,66,777.0,top100
97,2023,Matteo Arnaldi,208286,22.2,ITA,183.0,R,99.0,608.0,5,0.0,1000.0,10,5,0.5,0,0,,0,0,0,0,0,0,0,0,0,0,0,0.2764227642276423,0.2601626016260163,0.7642276422764227,0.2222222222222222,0.5619047619047619,0.6610169491525424,0.5217391304347826,0.30833333333333335,0.5278688524590164,0.6068376068376068,0.7886178861788617,0.36619718309859156,0.7010309278350515,1.0,0,,1,1.0,2,0.5,3,0.3333333333333333,5,0.2,9,0.4444444444444444,10,8,60.2,1619.4,27,19,113.75,47.89473684210526,78,737.0,top100
98,2023,Matteo Berrettini,126610,26.9,ITA,196.0,R,14.0,2490.0,7,0.0,857.1428571428571,14,7,0.5,0,0,,0,0,0,0,0,0,0,0,0,0,0,0.7469135802469136,0.1419753086419753,0.8888888888888888,0.15060240963855423,0.6456456456456456,0.8,0.4943502824858757,0.28347578347578345,0.44923857868020306,0.42771084337349397,0.30246913580246915,0.352112676056338,0.6326530612244898,0.3,0,,2,0.5,5,0.4,5,0.4,8,0.5,12,0.5,14,15,45.4,2088.866666666667,35,36,111.86666666666666,46.611111111111114,37,1082.0,top100
99,2023,Max Purcell,126845,25.1,AUS,185.0,R,67.0,781.0,4,0.0,1125.0,6,2,0.3333333333333333,0,0,,0,0,0,0,0,0,0,0,0,0,0,0.5204081632653061,0.15306122448979592,0.7653061224489796,0.14285714285714285,0.6187594553706506,0.6992665036674817,0.4603174603174603,0.2740740740740741,0.44651162790697674,0.42857142857142855,0.7142857142857143,0.3333333333333333,0.6714285714285714,0.3333333333333333,0,,0,,0,,0,,2,0.0,4,0.25,6,4,96.0,723.1666666666666,20,12,149.0,49.666666666666664,62,796.0,top100
100,2023,Maxime Cressy,202195,25.7,USA,198.0,R,34.0,1163.0,15,0.0,783.3333333333334,22,7,0.3181818181818182,1,0,0.0,0,0,0,0,0,0,0,0,1,0,0,1.1399317406143346,0.9010238907849829,0.8771331058020477,0.08191126279863481,0.576963906581741,0.8031278748850046,0.48557089084065247,0.21341463414634146,0.3841166936790924,0.26621160409556316,0.3890784982935154,0.3076923076923077,0.6842105263157895,0.3181818181818182,0,,0,,4,0.25,5,0.2,9,0.3333333333333333,16,0.25,22,21,87.68181818181819,1322.5,56,53,124.66666666666667,49.39622641509434,55,835.0,top100
101,2023,Michael Mmoh,111581,25.1,USA,188.0,R,86.0,624.0,6,0.0,875.0,12,6,0.5,0,0,,0,0,0,0,0,0,0,0,0,0,0,0.38509316770186336,0.2981366459627329,0.7329192546583851,0.25,0.6277511961722488,0.6570121951219512,0.4910025706940874,0.30120481927710846,0.5378378378378378,0.5792682926829268,0.6708074534161491,0.43157894736842106,0.6018518518518519,0.6666666666666666,0,,0,,1,0.0,2,0.5,4,0.5,9,0.3333333333333333,12,11,59.25,1143.6666666666667,36,33,144.0,48.0,119,527.0,>100
102,2023,Mikael Ymer,144707,24.6,SWE,183.0,R,53.0,876.0,13,0.0,692.3076923076923,20,7,0.35,0,0,,0,0,0,0,0,0,0,0,0,0,0,0.20187793427230047,0.24882629107981222,0.6901408450704225,0.21359223300970873,0.6984785615491009,0.6188118811881188,0.481651376146789,0.31153388822829964,0.4690082644628099,0.5388349514563107,0.7511737089201878,0.3963963963963964,0.5875,0.4,0,,0,,0,,2,0.0,7,0.2857142857142857,15,0.26666666666666666,18,17,86.0952380952381,894.9047619047619,44,40,112.05882352941177,47.625,61,796.0,top100
103,2023,Miomir Kecmanovic,200175,23.7,SRB,183.0,R,27.0,1445.0,17,0.0,705.8823529411765,32,15,0.46875,2,0,0.0,0,0,0,0,0,0,0,0,2,0,0,0.3712737127371274,0.13279132791327913,0.7967479674796748,0.21066666666666667,0.609151973131822,0.6864231564438319,0.5553168635875403,0.2642163661581137,0.51,0.5146666666666667,0.5121951219512195,0.40932642487046633,0.6031746031746031,0.38095238095238093,0,,1,0.0,4,0.0,5,0.0,9,0.2222222222222222,18,0.3888888888888889,31,30,138.5,1076.15625,75,70,106.16666666666667,45.5,41,985.0,top100
104,2023,Nicolas Jarry,111797,27.6,CHI,198.0,R,28.0,1276.0,11,0.18181818181818182,818.1818181818181,31,22,0.7096774193548387,2,2,1.0,0,0,0,0,0,0,0,0,2,2,0,0.599483204134367,0.16020671834625322,0.8733850129198967,0.1837270341207349,0.6491375683634834,0.7608554763447829,0.5539568345323741,0.2943372744243933,0.4811858608893957,0.4776902887139108,0.3875968992248062,0.38461538461538464,0.6733333333333333,0.6875,0,,5,0.4,5,0.4,9,0.5555555555555556,16,0.6875,25,0.76,30,27,62.1875,1695.71875,77,64,113.88888888888889,48.046875,28,1336.0,top32
105,2023,Nikoloz Basilashvili,105932,30.9,GEO,185.0,R,87.0,595.0,5,0.0,750.0,6,1,0.16666666666666666,0,0,,0,0,0,0,0,0,0,0,0,0,0,0.425,0.4375,0.7,0.18292682926829268,0.5884615384615385,0.6633986928104575,0.48598130841121495,0.26666666666666666,0.45263157894736844,0.4024390243902439,0.65,0.45454545454545453,0.5384615384615384,0.3333333333333333,0,,0,,1,0.0,1,0.0,2,0.5,4,0.25,6,6,78.16666666666667,1140.1666666666667,16,16,111.33333333333333,41.75,319,161.0,>100
106,2023,Novak Djokovic,104925,36.0,SRB,188.0,R,1.0,7240.0,7,0.42857142857142855,1000.0,31,27,0.8709677419354839,3,3,1.0,2,2,0,0,0,0,0,0,1,1,0,0.4926829268292683,0.23170731707317074,0.8658536585365854,0.32741116751269034,0.6496865203761756,0.7563329312424608,0.5604026845637584,0.36909620991253644,0.5338276181649676,0.7817258883248731,0.3878048780487805,0.41883116883116883,0.6540880503144654,0.7894736842105263,1,1.0,3,1.0,7,0.7142857142857143,11,0.8181818181818182,19,0.8421052631578947,27,0.8518518518518519,31,24,50.58064516129032,1979.4516129032259,85,62,129.66666666666666,50.193548387096776,2,7595.0,top10
107,2023,Nuno Borges,132686,26.2,POR,185.0,R,65.0,787.0,9,0.0,944.4444444444445,15,5,0.3333333333333333,0,0,,0,0,0,0,0,0,0,0,0,0,0,0.2469879518072289,0.22289156626506024,0.7469879518072289,0.1411764705882353,0.6202414113277623,0.6676646706586826,0.5330073349633252,0.250384024577573,0.44761904761904764,0.4117647058823529,0.572289156626506,0.34285714285714286,0.5578947368421052,0.5714285714285714,0,,2,0.0,3,0.0,3,0.0,7,0.14285714285714285,13,0.23076923076923078,14,12,78.2,1609.0,35,27,91.41666666666667,40.629629629629626,68,770.0,top100
108,2023,Oscar Otte,106214,29.7,GER,196.0,R,74.0,701.0,12,0.0,770.8333333333334,18,5,0.2777777777777778,0,0,,0,0,0,0,0,0,0,0,0,0,0,0.6650943396226415,0.3443396226415094,0.7735849056603774,0.15609756097560976,0.5453846153846154,0.7531734837799718,0.4873096446700508,0.28950542822677927,0.4538152610441767,0.47804878048780486,0.5,0.32653061224489793,0.5471698113207547,0.3333333333333333,0,,0,,0,,2,0.0,5,0.2,12,0.16666666666666666,17,16,126.55555555555556,848.8333333333334,43,39,100.0625,41.05128205128205,230,251.0,>100
109,2023,Pavel Kotov,200303,24.4,RUS,191.0,R,101.0,583.0,6,0.0,875.0,11,5,0.45454545454545453,0,0,,0,0,0,0,0,0,0,0,0,0,0,0.2814814814814815,0.15555555555555556,0.7777777777777778,0.16666666666666666,0.66548463356974,0.69449378330373,0.5123674911660777,0.25830258302583026,0.47416413373860183,0.47101449275362317,0.4666666666666667,0.35384615384615387,0.5238095238095238,0.5,0,,0,,0,,2,0.0,3,0.3333333333333333,8,0.375,11,11,84.0,1027.2727272727273,28,28,120.81818181818181,47.464285714285715,116,540.0,>100
110,2023,Pedro Cachin,106398,28.1,ARG,185.0,R,57.0,822.0,15,0.0,700.0,25,9,0.36,0,0,,0,0,0,0,0,0,0,0,0,0,0,0.4101694915254237,0.17627118644067796,0.7661016949152543,0.19444444444444445,0.6182014001077006,0.7203832752613241,0.4795486600846262,0.29385574354407834,0.4553072625698324,0.5034722222222222,0.5423728813559322,0.38620689655172413,0.56875,0.3333333333333333,0,,1,0.0,1,0.0,7,0.14285714285714285,11,0.18181818181818182,18,0.2222222222222222,24,22,82.0,1235.24,60,50,104.22727272727273,45.86,67,772.0,top100
111,2023,Pedro Martinez,124079,25.8,ESP,185.0,R,60.0,801.0,12,0.0,750.0,16,4,0.25,0,0,,0,0,0,0,0,0,0,0,0,0,0,0.1,0.445,0.665,0.24,0.6486870120652946,0.6477024070021882,0.4484848484848485,0.2913907284768212,0.5038910505836576,0.545,0.845,0.44036697247706424,0.6035502958579881,0.25,0,,0,,1,0.0,2,0.0,5,0.2,10,0.3,16,15,100.75,934.3125,43,38,128.46666666666667,50.71052631578947,122,505.0,>100
112,2023,Quentin Halys,111460,26.4,FRA,191.0,R,61.0,800.0,13,0.0,730.7692307692307,25,12,0.48,0,0,,0,0,0,0,0,0,0,0,0,0,0,1.0,0.2606060606060606,0.8939393939393939,0.15123456790123457,0.5948616600790514,0.8098006644518272,0.5170731707317073,0.2587883320867614,0.4474393530997305,0.404320987654321,0.33636363636363636,0.37404580152671757,0.6846846846846847,0.2727272727272727,0,,4,0.0,4,0.0,5,0.2,12,0.25,18,0.5,25,24,88.08,1481.96,63,58,108.79166666666667,45.01724137931034,76,741.0,top100
113,2023,Radu Albot,105430,33.5,MDA,175.0,R,99.0,564.0,8,0.0,562.5,14,6,0.42857142857142855,0,0,,0,0,0,0,0,0,0,0,0,0,0,0.2251655629139073,0.23178807947019867,0.7483443708609272,0.22077922077922077,0.6319921491658489,0.6847826086956522,0.4693333333333333,0.31530139103554866,0.4838709677419355,0.5909090909090909,0.5827814569536424,0.37362637362637363,0.5681818181818182,0.3333333333333333,0,,0,,0,,2,0.5,6,0.16666666666666666,9,0.2222222222222222,14,12,79.78571428571429,925.2142857142857,33,26,100.75,46.5,106,580.0,>100
114,2023,Richard Gasquet,104755,36.9,FRA,185.0,R,40.0,990.0,17,0.058823529411764705,705.8823529411765,27,12,0.4444444444444444,1,1,1.0,0,0,0,0,0,0,0,0,1,1,0,0.39762611275964393,0.22551928783382788,0.771513353115727,0.20760233918128654,0.5654952076677316,0.7175141242937854,0.5021008403361344,0.272863568215892,0.5141176470588236,0.4649122807017544,0.5875370919881305,0.44654088050314467,0.6111111111111112,0.6153846153846154,0,,1,1.0,2,0.5,6,0.5,7,0.42857142857142855,15,0.4666666666666667,27,28,129.31034482758622,1262.896551724138,70,68,108.46428571428571,44.661764705882355,49,875.0,top100
115,2023,Rinky Hijikata,208014,22.2,AUS,,U,130.0,451.0,4,0.0,875.0,9,5,0.5555555555555556,0,0,,0,0,0,0,0,0,0,0,0,0,0,0.3170731707317073,0.2032520325203252,0.7723577235772358,0.19672131147540983,0.6123188405797102,0.7001972386587771,0.4953271028037383,0.3106212424849699,0.46691176470588236,0.5737704918032787,0.6016260162601627,0.34285714285714286,0.6216216216216216,0.3333333333333333,0,,1,0.0,1,0.0,2,0.0,3,0.0,6,0.5,9,9,71.11111111111111,1409.5555555555557,26,26,130.77777777777777,45.26923076923077,113,551.0,>100
116,2023,Roberto Bautista Agut,105138,35.1,ESP,183.0,R,21.0,1940.0,15,0.0,783.3333333333334,30,15,0.5,1,0,0.0,0,0,0,0,0,0,0,0,1,0,0,0.2860696517412935,0.1318407960199005,0.8034825870646767,0.21,0.6561375449820072,0.6989640463132236,0.5569767441860465,0.2954271961492178,0.504835589941973,0.62,0.49502487562189057,0.3387096774193548,0.6030150753768844,0.5333333333333333,0,,2,0.5,5,0.4,7,0.2857142857142857,11,0.36363636363636365,25,0.44,30,28,69.9,1513.8333333333333,82,74,128.39285714285714,48.58108108108108,23,1480.0,top32
117,2023,Roberto Carballes Baena,106148,30.1,ESP,183.0,R,51.0,876.0,15,0.06666666666666667,700.0,28,14,0.5,1,1,1.0,0,0,0,0,0,0,0,0,1,1,0,0.22580645161290322,0.2129032258064516,0.7354838709677419,0.22784810126582278,0.6366322008862629,0.6635730858468677,0.502710027100271,0.2835583796664019,0.5218476903870163,0.5759493670886076,0.6516129032258065,0.3956043956043956,0.594059405940594,0.5555555555555556,0,,3,0.0,3,0.0,6,0.0,15,0.4,20,0.4,28,26,109.60714285714286,1322.0357142857142,70,64,119.42307692307692,48.515625,53,850.0,top100
118,2023,Roman Safiullin,126128,25.7,RUS,185.0,R,88.0,611.0,9,0.0,805.5555555555555,14,5,0.35714285714285715,0,0,,0,0,0,0,0,0,0,0,0,0,0,0.4,0.26875,0.75,0.189873417721519,0.6450381679389313,0.7130177514792899,0.46236559139784944,0.2826086956521739,0.4520547945205479,0.43670886075949367,0.59375,0.43478260869565216,0.5789473684210527,0.5,0,,0,,0,,2,0.5,5,0.4,12,0.4166666666666667,14,14,59.857142857142854,1018.7857142857143,33,33,104.57142857142857,44.36363636363637,94,631.0,top100
119,2023,Sebastian Baez,202104,22.3,ARG,170.0,R,30.0,1215.0,16,0.0625,703.125,30,15,0.5,1,1,1.0,0,0,0,0,0,0,0,0,1,1,0,0.15406976744186046,0.13953488372093023,0.7383720930232558,0.2564841498559078,0.7059095106186519,0.6389797253106606,0.5525902668759811,0.3106060606060606,0.5497206703910614,0.659942363112392,0.6017441860465116,0.388646288209607,0.5652173913043478,0.5555555555555556,0,,3,0.0,3,0.0,4,0.0,4,0.0,22,0.4090909090909091,30,29,122.1,1052.8333333333333,72,67,110.72413793103448,47.92537313432836,44,945.0,top100
120,2023,Sebastian Korda,200624,22.9,USA,196.0,R,28.0,1390.0,6,0.0,1125.0,18,12,0.6666666666666666,1,0,0.0,0,0,0,0,0,0,0,0,1,0,0,0.6738197424892703,0.21030042918454936,0.8197424892703863,0.22943722943722944,0.6067270375161707,0.7345415778251599,0.5098684210526315,0.26450892857142855,0.5253968253968254,0.5194805194805194,0.5364806866952789,0.44166666666666665,0.664,0.5714285714285714,0,,2,0.0,4,0.5,8,0.625,12,0.75,14,0.7857142857142857,18,16,47.111111111111114,2079.722222222222,47,41,119.6875,46.707317073170735,25,1355.0,top32
121,2023,Sebastian Ofner,124116,27.0,AUT,191.0,R,118.0,534.0,2,0.0,1125.0,5,3,0.6,0,0,,0,0,0,0,0,0,0,0,0,0,0,0.3170731707317073,0.34146341463414637,0.6585365853658536,0.3333333333333333,0.5521821631878557,0.6941580756013745,0.461864406779661,0.3504531722054381,0.5373831775700935,0.7857142857142857,0.7439024390243902,0.42424242424242425,0.5409836065573771,1.0,0,,1,0.0,1,0.0,1,0.0,3,0.6666666666666666,3,0.6666666666666666,5,1,64.0,1598.6,17,3,124.0,41.333333333333336,69,768.0,top100
122,2023,Soon Woo Kwon,126952,25.2,KOR,180.0,R,52.0,862.0,5,0.2,650.0,12,7,0.5833333333333334,1,1,1.0,0,0,0,0,0,0,0,0,1,1,0,0.578125,0.21875,0.8203125,0.17424242424242425,0.5779702970297029,0.7623126338329764,0.5073313782991202,0.2692307692307692,0.5276872964169381,0.4696969696969697,0.5546875,0.3709677419354839,0.676056338028169,0.5,0,,0,,0,,2,0.5,7,0.5714285714285714,8,0.625,10,10,75.91666666666667,1071.5833333333333,27,27,117.3,43.44444444444444,99,614.0,top100
123,2023,Stan Wawrinka,104527,38.1,SUI,183.0,R,84.0,717.0,10,0.0,925.0,24,13,0.5416666666666666,0,0,,0,0,0,0,0,0,0,0,0,0,0,0.6324503311258278,0.13245033112582782,0.8245033112582781,0.17845117845117844,0.5761830473218928,0.7518050541516246,0.5251533742331288,0.26411815812337097,0.4670116429495472,0.5117845117845118,0.5099337748344371,0.34868421052631576,0.6558441558441559,0.4375,0,,0,,4,0.25,7,0.14285714285714285,15,0.5333333333333333,20,0.55,22,20,54.291666666666664,1452.625,60,50,115.4,46.16,87,674.0,top100
124,2023,Stefanos Tsitsipas,126774,24.8,GRE,193.0,R,3.0,5940.0,12,0.0,916.6666666666666,41,30,0.7317073170731707,2,0,0.0,1,0,0,0,0,0,1,0,0,0,0,0.5674676524953789,0.17929759704251386,0.8798521256931608,0.22916666666666666,0.6398305084745762,0.771050141911069,0.5436974789915966,0.2888270746407047,0.5021872265966754,0.5587121212121212,0.37153419593345655,0.4101694915254237,0.6766169154228856,0.4782608695652174,1,0.0,4,0.0,5,0.0,14,0.5,22,0.6363636363636364,38,0.7105263157894737,41,36,55.833333333333336,1682.642857142857,108,90,112.88888888888889,45.15555555555556,5,4670.0,top10
125,2023,Tallon Griekspoor,134868,26.9,NED,188.0,R,29.0,1209.0,14,0.14285714285714285,714.2857142857143,34,23,0.6764705882352942,2,2,1.0,0,0,0,0,0,0,0,0,2,2,0,0.6566820276497696,0.2488479262672811,0.8617511520737327,0.17579908675799086,0.6435501257635645,0.7571189279731994,0.5161290322580645,0.2789317507418398,0.4449901768172888,0.4223744292237443,0.4078341013824885,0.41621621621621624,0.6610169491525424,0.5714285714285714,1,0.0,4,0.0,5,0.0,10,0.3,12,0.4166666666666667,25,0.56,33,33,86.02777777777777,1579.0555555555557,88,80,101.87878787878788,42.025,31,1254.0,top32
126,2023,Taro Daniel,106121,30.3,JPN,191.0,R,94.0,587.0,7,0.0,1000.0,15,8,0.5333333333333333,0,0,,0,0,0,0,0,0,0,0,0,0,0,0.29775280898876405,0.17415730337078653,0.7191011235955056,0.25,0.6231884057971014,0.6482558139534884,0.5384615384615384,0.30703012912482064,0.49884526558891457,0.5388888888888889,0.5112359550561798,0.4639175257731959,0.45054945054945056,0.6,1,0.0,2,0.5,2,0.5,4,0.5,8,0.5,14,0.5,15,13,57.8,1912.8666666666666,39,32,122.53846153846153,49.78125,105,584.0,>100
127,2023,Taylor Fritz,126203,25.6,USA,193.0,R,5.0,3795.0,15,0.06666666666666667,766.6666666666666,47,33,0.7021276595744681,1,1,1.0,0,0,0,0,0,0,0,0,1,1,0,0.6942567567567568,0.17060810810810811,0.8631756756756757,0.2181500872600349,0.600393147992137,0.7895229186155285,0.5446240337315531,0.2782018659881255,0.537463976945245,0.5340314136125655,0.3766891891891892,0.4084967320261438,0.6367713004484304,0.6956521739130435,1,0.0,2,0.5,5,0.6,10,0.6,24,0.625,41,0.7073170731707317,47,43,57.829787234042556,1409.5106382978724,118,105,108.13953488372093,44.285714285714285,9,3310.0,top10
128,2023,Thanasi Kokkinakis,106423,27.1,AUS,196.0,R,93.0,607.0,9,0.0,1000.0,20,11,0.55,0,0,,0,0,0,0,0,0,0,0,0,0,0,0.9858156028368794,0.1524822695035461,0.8723404255319149,0.17142857142857143,0.6461372231226364,0.7591973244147158,0.5236641221374045,0.27017543859649124,0.44929797191887677,0.48214285714285715,0.42907801418439717,0.35555555555555557,0.7024793388429752,0.3888888888888889,0,,1,0.0,4,0.25,7,0.14285714285714285,11,0.36363636363636365,17,0.47058823529411764,20,17,53.65,1785.4,56,44,137.05882352941177,52.95454545454545,89,667.0,top100
129,2023,Thiago Monteiro,106329,28.9,BRA,183.0,L,69.0,738.0,13,0.0,750.0,21,7,0.3333333333333333,0,0,,0,0,0,0,0,0,0,0,0,0,0,0.5166051660516605,0.1881918819188192,0.8118081180811808,0.13503649635036497,0.6129398410896708,0.7231481481481481,0.5146627565982405,0.24233983286908078,0.4444444444444444,0.38321167883211676,0.4797047970479705,0.3523809523809524,0.6076923076923076,0.4666666666666667,0,,1,0.0,2,0.0,6,0.0,8,0.25,17,0.29411764705882354,20,19,128.14285714285714,1370.952380952381,54,49,136.8421052631579,53.06122448979592,96,625.0,top100
130,2023,Tomas Machac,207830,22.4,CZE,183.0,R,97.0,580.0,5,0.0,650.0,8,3,0.375,0,0,,0,0,0,0,0,0,0,0,0,0,0,0.4430379746835443,0.17721518987341772,0.7848101265822784,0.16049382716049382,0.6203208556149733,0.6867816091954023,0.4460093896713615,0.2831858407079646,0.47,0.5432098765432098,0.6962025316455697,0.29545454545454547,0.6909090909090909,0.5,1,0.0,2,0.0,2,0.0,3,0.0,3,0.0,6,0.3333333333333333,7,7,70.0,2184.375,17,17,111.71428571428571,46.0,107,573.0,>100
131,2023,Tomas Martin Etcheverry,144869,23.8,ARG,196.0,R,49.0,920.0,13,0.0,769.2307692307693,32,19,0.59375,2,0,0.0,0,0,0,0,0,0,0,0,2,0,0,0.5360824742268041,0.13659793814432988,0.8170103092783505,0.2545931758530184,0.6333063209076175,0.7165706973768394,0.5259668508287293,0.3218035824583076,0.5152838427947598,0.6719160104986877,0.5051546391752577,0.37890625,0.6377551020408163,0.5,1,0.0,1,0.0,1,0.0,8,0.25,15,0.4,26,0.5384615384615384,32,27,67.8125,1316.375,82,67,127.51851851851852,51.38805970149254,32,1201.0,top32
132,2023,Tommy Paul,126205,26.0,USA,185.0,R,15.0,2205.0,13,0.0,788.4615384615385,32,19,0.59375,1,0,0.0,0,0,0,0,0,0,1,0,0,0,0,0.47901234567901235,0.15308641975308643,0.8148148148148149,0.23618090452261306,0.6516504854368932,0.7073897497020262,0.5406911928651059,0.2918951858622791,0.5227934044616876,0.6758793969849246,0.5037037037037037,0.34944237918215615,0.6323529411764706,0.4,1,0.0,3,0.3333333333333333,4,0.25,6,0.3333333333333333,15,0.4666666666666667,25,0.6,31,29,73.71875,1429.71875,83,76,121.93103448275862,46.526315789473685,17,2110.0,top32
133,2023,Ugo Humbert,200005,24.9,FRA,188.0,L,36.0,1061.0,12,0.0,875.0,21,9,0.42857142857142855,0,0,,0,0,0,0,0,0,0,0,0,0,0,0.502092050209205,0.28870292887029286,0.8200836820083682,0.2017167381974249,0.598951507208388,0.7363238512035011,0.4934640522875817,0.30407523510971785,0.46113074204946997,0.6008583690987125,0.4476987447698745,0.3357142857142857,0.5981308411214953,0.23076923076923078,0,,0,,2,0.0,2,0.0,13,0.3076923076923077,16,0.375,19,17,78.61904761904762,1038.952380952381,48,42,119.41176470588235,48.333333333333336,38,1042.0,top100
134,2023,Yannick Hanfmann,105870,31.5,GER,193.0,R,53.0,842.0,9,0.0,833.3333333333334,23,14,0.6086956521739131,0,0,,0,0,0,0,0,0,0,0,0,0,0,0.4075342465753425,0.10273972602739725,0.8047945205479452,0.23905723905723905,0.6729323308270677,0.6751795690343176,0.548440065681445,0.32637277648878577,0.5198463508322664,0.6734006734006734,0.5171232876712328,0.355,0.6225165562913907,0.45454545454545453,0,,1,0.0,5,0.4,7,0.5714285714285714,9,0.4444444444444444,18,0.5555555555555556,23,21,75.56521739130434,1560.5652173913043,61,53,121.33333333333333,48.075471698113205,48,880.0,top100
135,2023,Yibing Wu,200059,23.6,CHN,183.0,R,54.0,884.0,11,0.09090909090909091,886.3636363636364,21,11,0.5238095238095238,1,1,1.0,0,0,0,0,0,0,0,0,1,1,0,0.31226765799256506,0.137546468401487,0.7546468401486989,0.20075757575757575,0.6206703910614525,0.6624662466246625,0.5257731958762887,0.2751937984496124,0.47704918032786886,0.42803030303030304,0.5985130111524164,0.4690265486725664,0.5900621118012422,0.5833333333333334,0,,0,,2,0.5,2,0.5,12,0.4166666666666667,20,0.5,21,20,69.38095238095238,1219.6190476190477,54,51,115.8,45.411764705882355,59,814.0,top100
136,2023,Yoshihito Nishioka,106415,27.6,JPN,170.0,L,32.0,1232.0,10,0.0,950.0,22,12,0.5454545454545454,0,0,,0,0,0,0,0,0,0,0,0,0,0,0.15254237288135594,0.1694915254237288,0.7322033898305085,0.26101694915254237,0.6552811350499211,0.6343223736968725,0.551829268292683,0.3005640612409347,0.5299727520435967,0.6813559322033899,0.5559322033898305,0.38308457711442784,0.5182926829268293,0.3333333333333333,0,,0,,2,0.0,5,0.2,9,0.2222222222222222,19,0.47368421052631576,22,18,66.31818181818181,1240.409090909091,64,47,115.11111111111111,44.08510638297872,27,1351.0,top32
137,2023,Yosuke Watanuki,133297,25.1,JPN,180.0,R,107.0,515.0,5,0.0,900.0,9,4,0.4444444444444444,0,0,,0,0,0,0,0,0,0,0,0,0,0,0.9322033898305084,0.3474576271186441,0.8305084745762712,0.20689655172413793,0.5545454545454546,0.7634660421545667,0.4897959183673469,0.2899786780383795,0.4819672131147541,0.6896551724137931,0.5,0.3,0.6610169491525424,0.3333333333333333,0,,0,,0,,3,0.0,4,0.0,6,0.3333333333333333,9,9,119.88888888888889,1291.111111111111,23,23,118.11111111111111,46.21739130434783,115,547.0,>100
138,2023,Zhizhen Zhang,111190,26.6,CHN,193.0,R,56.0,836.0,7,0.0,964.2857142857143,13,6,0.46153846153846156,0,0,,0,0,0,0,0,0,0,0,0,0,0,0.4418604651162791,0.1686046511627907,0.7906976744186046,0.14606741573033707,0.6616961789375583,0.7014084507042253,0.5509641873278237,0.24853801169590642,0.44050632911392407,0.3539325842696629,0.43023255813953487,0.4126984126984127,0.5135135135135135,0.7,0,,1,0.0,2,0.5,3,0.6666666666666666,5,0.6,8,0.5,13,10,70.76923076923077,1420.3846153846155,36,27,115.3,42.7037037037037,54,836.0,top100
139,2023,Zizou Bergs,200267,23.6,BEL,185.0,R,115.0,463.0,5,0.0,750.0,8,1,0.125,0,0,,0,0,0,0,0,0,0,0,0,0,0,0.4444444444444444,0.2345679012345679,0.7407407407407407,0.10975609756097561,0.6434108527131783,0.6867469879518072,0.483695652173913,0.2904191616766467,0.39690721649484534,0.4024390243902439,0.49382716049382713,0.2727272727272727,0.475,0.3333333333333333,0,,0,,0,,0,,0,,4,0.25,6,6,204.75,495.125,17,17,134.16666666666666,47.35294117647059,177,327.0,>100
